Kefiya Document Service,Kefiya Dokumentendienst
Kefiya Document Account,Kefiya Dokumentenkonto
What to fetch,Was abgerufen wird
Document Type Filter,Dokumentart (Filter)
Lookback (days),Rückblick (Tage)
Max Documents per Run,Höchstzahl Dokumente je Lauf
Last Run,Letzter Lauf
Last Run On,Zuletzt gelaufen am
Last Run Summary,Ergebnis des letzten Laufs
Credential Source,Quelle der Zugangsdaten
Credential DocType,DocType der Zugangsdaten
Credential Document,Dokument der Zugangsdaten
Child Table Fieldname,Feldname der Kindtabelle
Match Field,Vergleichsfeld
Token Field,Feld mit dem Schlüssel
Base URL Field,Feld mit der Basis-URL
Inline,Direkt hier
External DocType,Externer DocType
Service Company ID,Kennung beim Dienst
Last Fetched On,Zuletzt abgerufen am
"While this is off, nothing is fetched and the scheduled run does nothing.","Solange dies aus ist, wird nichts abgerufen, und der geplante Lauf tut nichts."
Endpoint of the document service. Only https is accepted.,Endpunkt des Dokumentendienstes. Nur https wird angenommen.
"Created at the service under ""API access"". Stored encrypted and never written to a log.",Beim Dienst unter „API-Zugang“ erzeugt. Verschlüsselt abgelegt und niemals in ein Protokoll geschrieben.
"Document type as the service names it, e.g. a statement type. Empty fetches every type.","Dokumentart, wie der Dienst sie benennt, etwa eine Auszugsart. Leer ruft jede Art ab."
How far back a run looks. A first run may need more; afterwards a small window is enough.,Wie weit ein Lauf zurückschaut. Der erste Lauf braucht womöglich mehr; danach genügt ein kleines Fenster.
"Upper bound per run. Each document is a separate download, so a first run works its backlog off over several runs rather than in one request.","Obergrenze je Lauf. Jedes Dokument ist ein eigener Download, deshalb arbeitet ein erster Lauf seinen Rückstand über mehrere Läufe ab statt in einer Anfrage."
Which Bank Account a fetched document belongs to. Without an entry here nothing is filed -- a statement with no account has nowhere to go.,Zu welchem Bankkonto ein abgerufenes Dokument gehört. Ohne Eintrag hier wird nichts abgelegt — ein Auszug ohne Konto hat keinen Platz.
"Identifier of the matching company/account at the document service. Left empty, every document the service returns for the configured filter is filed on this account.","Kennung der zugehörigen Firma bzw. des Kontos beim Dokumentendienst. Bleibt sie leer, wird jedes Dokument, das der Dienst zum eingestellten Filter liefert, auf dieses Konto abgelegt."
"Inline keeps the key in the field below. External DocType reads it from wherever this instance already keeps its API credentials, so there is one place for them instead of two.","„Direkt hier“ hält den Schlüssel im Feld darunter. „Externer DocType“ liest ihn dort, wo diese Instanz ihre API-Zugangsdaten ohnehin führt — damit gibt es einen Ort dafür statt zwei."
Leave empty for a Single DocType.,Bei einem Single-DocType leer lassen.
Fieldname of the table holding one row per service. Empty means the fields sit on the document itself.,"Feldname der Tabelle mit einer Zeile je Dienst. Leer bedeutet, die Felder stehen am Dokument selbst."
"Value identifying this service's row, e.g. its short name.","Wert, der die Zeile dieses Dienstes kennzeichnet, etwa sein Kurzname."
Password field holding the key.,"Passwortfeld, das den Schlüssel enthält."
"Optional. When set, the endpoint is taken from there instead of the Base URL above.","Optional. Ist es gesetzt, wird der Endpunkt von dort genommen statt aus der Basis-URL oben."
Test connection,Verbindung testen
Check field names,Feldnamen prüfen
Dry run,Prüflauf
Fetch now,Jetzt abrufen
Asking the service …,Dienst wird angefragt …
"Looking, writing nothing …","Nur ansehen, nichts schreiben …"
Fetching …,Wird abgerufen …
Connection,Verbindung
Connection failed,Verbindung fehlgeschlagen
The service answered.,Der Dienst hat geantwortet.
Field names,Feldnamen
Dry run failed,Prüflauf fehlgeschlagen
Fetch failed,Abruf fehlgeschlagen
The call returned nothing. See the Error Log for details.,Der Aufruf hat nichts zurückgegeben. Einzelheiten stehen im Fehlerprotokoll.
Fetch the statements and file them against the accounts?,Die Kontoauszüge abrufen und den Konten zuordnen?
Response not understood,Antwort nicht verstanden
Top level keys,Schlüssel der obersten Ebene
Field names returned by the service,Vom Dienst gelieferte Feldnamen
Documents found,Gefundene Dokumente
Recognised,Erkannt
Identifier,Kennung
"Only field names are shown, never their values.","Es werden nur Feldnamen gezeigt, niemals deren Werte."
Nothing to do,Nichts zu tun
Dry run — nothing was filed,Prüflauf — nichts abgelegt
Statements fetched,Kontoauszüge abgerufen
Found,Gefunden
Would file,Würde ablegen
Filed,Abgelegt
Already present,Schon vorhanden
The document service is switched off.,Der Dokumentendienst ist ausgeschaltet.
No API key is configured for the document service.,Für den Dokumentendienst ist kein API-Schlüssel hinterlegt.
The base URL must be an https address.,Die Basis-URL muss eine https-Adresse sein.
No credential DocType is configured.,Es ist kein DocType für die Zugangsdaten eingestellt.
No credential document is named.,Es ist kein Dokument für die Zugangsdaten benannt.
No credential row where {0} is {1}.,"Keine Zugangsdaten-Zeile, in der {0} gleich {1} ist."
The credential row {0} is not active.,Die Zugangsdaten-Zeile {0} ist nicht aktiv.
The document service could not be reached ({0}): {1},Der Dokumentendienst war nicht erreichbar ({0}): {1}
The document service answered {0} on {1}: {2},Der Dokumentendienst hat auf {1} mit {0} geantwortet: {2}
"The document service answered {0} on {1}, but not in JSON: {2}","Der Dokumentendienst hat auf {1} mit {0} geantwortet, aber nicht in JSON: {2}"
no detail given,keine Einzelheiten genannt
No account is configured. A statement with no bank account has nowhere to go.,Es ist kein Konto eingestellt. Ein Auszug ohne Bankkonto hat keinen Platz.
The attached file could not be found: {0},Die angehängte Datei wurde nicht gefunden: {0}
The document could not be decoded.,Das Dokument ließ sich nicht dekodieren.
The document is empty.,Das Dokument ist leer.
Bank Account {0} is listed more than once.,Das Bankkonto {0} ist mehr als einmal aufgeführt.
The service is switched on but no account is configured. A statement with no bank account has nowhere to go.,"Der Dienst ist eingeschaltet, aber es ist kein Konto eingestellt. Ein Auszug ohne Bankkonto hat keinen Platz."
No known column layout was recognised in this file.,In dieser Datei wurde kein bekannter Spaltenaufbau erkannt.
the bank does not hand out statements for this account,die Bank gibt für dieses Konto keine Auszüge heraus
{0} bookings were created as drafts. Submitting them is left to the Bank Transaction list.,{0} Buchungen wurden als Entwurf angelegt. Das Einreichen bleibt der Liste der Banktransaktionen überlassen.
Unknown statement format {0}. Pass a known format or state the sign convention explicitly -- a card feed and a giro feed count the opposite way round.,Unbekanntes Auszugsformat {0}. Ein bekanntes Format angeben oder die Vorzeichenkonvention ausdrücklich nennen — ein Kartenfeed und ein Girofeed zählen entgegengesetzt.
ingest expects a list of entries.,ingest erwartet eine Liste von Einträgen.
Account mapping,Kontozuordnung
Failures,Fehlgeschlagen
Remark,Hinweis
Assigned accounts,Zugeordnete Konten
Access credentials,Zugangsdaten
Open document,Im Dokument öffnen
As soon as possible,So bald wie möglich
On {0} — held here until then,Am {0} — bis dahin hier gehalten
On {0} — the bank holds the order,Am {0} — die Bank hält den Auftrag
Paying account,Abgehendes Konto
Execution,Ausführung
Instant payment,Echtzeitüberweisung
Yes — sent as a SEPA instant payment,Ja — geht als SEPA-Echtzeitüberweisung
No — ordinary SEPA transfer,Nein — gewöhnliche SEPA-Überweisung
"Kept here, released on the day",Wird hier gehalten und am Tag freigegeben
Left with the bank,Liegt bei der Bank
Payee verification,Empfängerprüfung
still open,noch offen
Bank response,Rückmeldung der Bank
Receipts,Belege
The attachments could not be read.,Die Anhänge konnten nicht gelesen werden.
No receipt is attached to this order.,An diesem Auftrag hängt kein Beleg.
Correct,Korrigieren
Correct transfer,Überweisung korrigieren
New transfer,Neue Überweisung
Enter,Erfassen
On a date — the bank holds the order,Zu einem Termin — die Bank hält den Auftrag
On a date — held here until then,Zu einem Termin — bis dahin hier gehalten
The order goes out with the next send.,Der Auftrag geht mit der nächsten Sendung raus.
"Sent now, executed by the bank on the day. The bank must support dated transfers for this account.","Geht sofort raus, die Bank führt ihn am Termin aus. Die Bank muss Terminüberweisungen für dieses Konto anbieten."
Stays in the outbox and is offered for sending on the day. Use this where the bank takes no dated order.,"Bleibt im Ausgangskorb und wird am Termin zum Senden angeboten. Für Banken, die keinen Terminauftrag annehmen."
No account available,Kein Konto verfügbar
"No bank access is set up that a transfer can start from. A loan, a guarantee or a credit card cannot send money.","Es ist kein Bankzugang eingerichtet, von dem eine Überweisung ausgehen kann. Ein Darlehen, ein Aval oder eine Kreditkarte kann kein Geld senden."
The paying account cannot be changed on an existing order. Delete it and enter a new one instead.,Das abgehende Konto lässt sich an einem bestehenden Auftrag nicht ändern. Stattdessen löschen und neu erfassen.
"Free text. Known payees are suggested while you type, but any name may be entered.","Freitext. Bekannte Empfänger werden beim Tippen vorgeschlagen, eingeben lässt sich jeder Name."
Checked against its checksum before it is stored.,Wird vor dem Speichern gegen ihre Prüfsumme geprüft.
Execution date,Ausführungstermin
"Arrives within seconds. The bank must offer it for this account, and it is usually capped.","Kommt binnen Sekunden an. Die Bank muss es für dieses Konto anbieten, meist gilt eine Betragsgrenze."
Date missing,Termin fehlt
A dated transfer needs a date.,Eine Terminüberweisung braucht einen Termin.
Transfer saved.,Überweisung gespeichert.
Transfer entered.,Überweisung erfasst.
Not saved,Nicht gespeichert
The transfer could not be saved.,Die Überweisung konnte nicht gespeichert werden.
Please choose a paying account.,Bitte ein abgehendes Konto wählen.
When,Wann
Reference,Verwendungszweck
Order state,Zustand
Recipient / Reference,Empfänger / Verwendungszweck
Due on,Fällig
Failed to send,Fehlgeschlagen
Held back,Zurückgestellt
Sent to the bank,Abgesendet
At the bank,Bei der Bank
Approved for sending,Freigegeben
Unknown error.,Unbekannter Fehler.
Loading …,Lädt …
The outgoing payments could not be loaded.,Der Zahlungsausgang konnte nicht geladen werden.
"Search — recipient, IBAN, reference, amount","Suchen — Empfänger, IBAN, Verwendungszweck, Betrag"
show sent,abgesendete zeigen
Select all listed orders,Alle angezeigten Aufträge markieren
"Sort by this column. Clicking the sorted column again reverses it, once more restores the default order.","Nach dieser Spalte sortieren. Ein zweiter Klick kehrt die Richtung um, ein dritter stellt die Standardreihenfolge wieder her."
{0} recipients,{0} Empfänger
as soon as possible,so bald wie möglich
held here,bei uns gehalten
dated at the bank,Termin bei der Bank
Open this order,Diesen Auftrag öffnen
Selected: {0} orders · {1},Markiert: {0} Aufträge · {1}
Approved and still here: {0},Freigegeben und noch hier: {0}
Cancel hold,Zurückstellung aufheben
Hold back,Zurückstellen
Approve for sending,Freigeben
Sending needs the right to approve.,"Absenden darf nur, wer Freigaberecht hat."
Nothing found.,Nichts gefunden.
There is nothing to send. Transfers collect here until they go out.,"Der Zahlungsausgang ist leer. Erfasste Überweisungen sammeln sich hier, bis sie abgesendet werden."
Approve {0} orders over {1}?,{0} Aufträge über {1} freigeben?
"Approving locks the amounts and the recipients. No money moves: sending is the next, separate step and the bank asks for a TAN then.","Mit der Freigabe stehen Beträge und Empfänger fest. Es fließt kein Geld: Absenden ist der nächste, eigene Schritt, und dann verlangt die Bank eine TAN."
Approving …,Gebe frei …
Approved: {0},Freigegeben: {0}
Not approved,Nicht freigegeben
Held back: {0},Zurückgestellt: {0}
Released again: {0},Zurückstellung aufgehoben: {0}
Not changed,Nicht geändert
Delete {0} drafts? They are gone afterwards.,{0} Entwürfe löschen? Sie sind danach weg.
Deleted: {0},Gelöscht: {0}
Not deleted,Nicht gelöscht
One account at a time,Nur ein Konto auf einmal
Orders from several accounts are selected. A collective order always leaves from exactly one account — please send them one account at a time.,Es sind Aufträge von mehreren Konten markiert. Ein Sammelauftrag geht immer von genau einem Konto ab — bitte je Konto einzeln senden.
{0} orders over {1} go from {2} to the bank.,{0} Aufträge über {1} gehen von {2} an die Bank.
"{0} selected orders are not being sent — they are drafts, held back or already sent.","{0} markierte Aufträge gehen nicht mit — sie sind Entwürfe, zurückgestellt oder schon abgesendet."
The bank will usually ask for a release (TAN or a confirmation in its app). Nothing is debited until then.,Die Bank verlangt in aller Regel eine Freigabe (TAN oder Bestätigung in ihrer App). Bis dahin ist nichts abgebucht.
Sending to the bank …,Sende an die Bank …
Not sent,Nicht abgesendet
The bank asks for a release.,Die Bank verlangt eine Freigabe.
Handed to the bank: {0} orders,An die Bank übergeben: {0} Aufträge
Not a draft any more.,Kein Entwurf mehr.
No transfers selected.,Keine Überweisungen markiert.
Ordering party,Auftraggeber
This order is with the bank. Nothing about it can be changed here any more.,Dieser Auftrag liegt bei der Bank. Hier lässt sich nichts mehr daran ändern.
"Approved orders are locked: amounts and recipients stand. To change something, cancel the order and enter a new one.",Freigegebene Aufträge sind festgeschrieben: Beträge und Empfänger stehen. Zum Ändern den Auftrag abbrechen und neu erfassen.
"No receipt is attached, neither here nor on {0}.",Es hängt kein Beleg daran — weder hier noch an {0}.
from {0} {1},aus {0} {1}
